{
    "CinematicData": "endgame",
    "CombatBackground": "Void_BossFinal",
    "CombatEffect": [
        "{\n    \"AuraCurse\": \"fast\",\n    \"AuraCurseCharges\": 5,\n    \"AuraCurseTarget\": \"Monster1\"\n}"
    ],
    "CombatID": "evoidhigh_13archonmont",
    "CombatMusic": "Lord of the Riffs",
    "CombatTier": "T13",
    "Description": "archon mont",
    "EventData": "",
    "EventRequirementData": "",
    "HealHeroes": true,
    "NPCList": [
        "archrabbit",
        "archonmont",
        "",
        ""
    ],
    "NPCRemoveInMadness0Index": -1,
    "ThermometerTierData": "",
    "IsRift": false
}